{
  "0.10": {
    "speed_cmd": 0.1,
    "orbits": 1.0,
    "duration_s": 98.8917,
    "path_len_m": 17.79150735355164,
    "net_disp_m": 2.022141106105111,
    "effective_v_mps": 0.02044803665125699,
    "tracking_pct": 20.448036651256988,
    "R_min": 1.1416,
    "R_max": 1.6016,
    "R_mean": 1.3743279575328615,
    "yaw_min": -179.99,
    "yaw_max": 180.0,
    "torque_FL": {
      "mean": 1.758862108190091,
      "p95": 4.2071,
      "peak": 6.9694
    },
    "torque_FR": {
      "mean": 2.2433859453993934,
      "p95": 4.9762,
      "peak": 7.5923
    },
    "torque_BL": {
      "mean": 1.3969787074486013,
      "p95": 2.9657,
      "peak": 5.3044
    },
    "torque_BR": {
      "mean": 1.6485322800808897,
      "p95": 3.4969,
      "peak": 5.921
    }
  },
  "0.15": {
    "speed_cmd": 0.15,
    "orbits": 1.0,
    "duration_s": 65.5917,
    "path_len_m": 10.262534872851646,
    "net_disp_m": 1.9493303006417355,
    "effective_v_mps": 0.029719161123156364,
    "tracking_pct": 19.812774082104244,
    "R_min": 1.1415,
    "R_max": 1.6142,
    "R_mean": 1.4015395452235773,
    "yaw_min": -179.98,
    "yaw_max": 180.0,
    "torque_FL": {
      "mean": 1.9103826727642277,
      "p95": 4.8675,
      "peak": 9.2035
    },
    "torque_FR": {
      "mean": 2.327600787601626,
      "p95": 5.6602,
      "peak": 29.9117
    },
    "torque_BL": {
      "mean": 1.3029966590447155,
      "p95": 2.8095,
      "peak": 8.2819
    },
    "torque_BR": {
      "mean": 1.651416780995935,
      "p95": 3.7111,
      "peak": 7.1087
    }
  },
  "0.20": {
    "speed_cmd": 0.2,
    "orbits": 1.0,
    "duration_s": 48.9417,
    "path_len_m": 5.479028688139934,
    "net_disp_m": 1.5315392414822417,
    "effective_v_mps": 0.03129313533208372,
    "tracking_pct": 15.646567666041861,
    "R_min": 1.3566,
    "R_max": 1.5463,
    "R_mean": 1.444181801157644,
    "yaw_min": -178.77,
    "yaw_max": 177.54,
    "torque_FL": {
      "mean": 1.525714232209738,
      "p95": 5.395,
      "peak": 14.7658
    },
    "torque_FR": {
      "mean": 1.2868209737827716,
      "p95": 5.1579,
      "peak": 11.5991
    },
    "torque_BL": {
      "mean": 1.1040739189649302,
      "p95": 4.8077,
      "peak": 11.9547
    },
    "torque_BR": {
      "mean": 1.3580866700715015,
      "p95": 5.2717,
      "peak": 11.5184
    }
  },
  "0.25": {
    "speed_cmd": 0.25,
    "orbits": 1.0,
    "duration_s": 38.95,
    "path_len_m": 5.858719757183472,
    "net_disp_m": 1.5592994633488462,
    "effective_v_mps": 0.04003336234528488,
    "tracking_pct": 16.013344938113953,
    "R_min": 1.3574,
    "R_max": 1.5531,
    "R_mean": 1.4491887272727273,
    "yaw_min": -177.11,
    "yaw_max": 179.64,
    "torque_FL": {
      "mean": 1.5584273796791444,
      "p95": 5.6213,
      "peak": 12.2356
    },
    "torque_FR": {
      "mean": 1.4337643636363635,
      "p95": 5.6685,
      "peak": 12.2469
    },
    "torque_BL": {
      "mean": 1.326540770053476,
      "p95": 5.4728,
      "peak": 15.118
    },
    "torque_BR": {
      "mean": 1.4441190374331552,
      "p95": 5.675,
      "peak": 11.9804
    }
  },
  "0.30": {
    "speed_cmd": 0.3,
    "orbits": 1.0,
    "duration_s": 32.2917,
    "path_len_m": 5.5574930619298,
    "net_disp_m": 1.6149045960984816,
    "effective_v_mps": 0.050009897159284944,
    "tracking_pct": 16.66996571976165,
    "R_min": 1.4063,
    "R_max": 1.5483,
    "R_mean": 1.4882006965944272,
    "yaw_min": -179.82,
    "yaw_max": 178.96,
    "torque_FL": {
      "mean": 1.9657400670794634,
      "p95": 6.2979,
      "peak": 14.4296
    },
    "torque_FR": {
      "mean": 1.1158921310629515,
      "p95": 5.009,
      "peak": 12.4499
    },
    "torque_BL": {
      "mean": 1.6782038957688337,
      "p95": 6.318,
      "peak": 11.4971
    },
    "torque_BR": {
      "mean": 1.3003885190918474,
      "p95": 5.782,
      "peak": 14.3258
    }
  }
}