{
  "0.1": {
    "mean_FL": 1.5918715773747771,
    "peak_FL": 6.5673,
    "mean_FR": 0.3399941942980454,
    "peak_FR": 5.8145,
    "mean_BL": 0.19178787400921274,
    "peak_BL": 5.411,
    "mean_BR": 0.46624735029256753,
    "peak_BR": 4.6237,
    "peak_all": 6.5673,
    "actual_speed": 0.03483161804373988,
    "rows": 24097,
    "duration": 200.8
  },
  "0.15": {
    "mean_FL": 1.7779779447376591,
    "peak_FL": 13.2881,
    "mean_FR": 0.527301906240298,
    "peak_FR": 8.082,
    "mean_BL": 0.34459759701955917,
    "peak_BL": 6.6997,
    "mean_BR": 0.5186183669667805,
    "peak_BR": 5.6957,
    "peak_all": 13.2881,
    "actual_speed": 0.05726692331574046,
    "rows": 16105,
    "duration": 134.2
  },
  "0.2": {
    "mean_FL": 1.8560731334654774,
    "peak_FL": 14.1602,
    "mean_FR": 0.6771969937231583,
    "peak_FR": 10.5453,
    "mean_BL": 0.43428354806739344,
    "peak_BL": 7.9449,
    "mean_BR": 0.5645708209448299,
    "peak_BR": 6.8725,
    "peak_all": 14.1602,
    "actual_speed": 0.07953695077634622,
    "rows": 12108,
    "duration": 100.8917
  },
  "0.25": {
    "mean_FL": 1.917024879003192,
    "peak_FL": 22.7702,
    "mean_FR": 0.7696411080218309,
    "peak_FR": 25.7994,
    "mean_BL": 0.5002020904129337,
    "peak_BL": 8.9166,
    "mean_BR": 0.6101216043661827,
    "peak_BR": 7.2321,
    "peak_all": 25.7994,
    "actual_speed": 0.10296918957882814,
    "rows": 9711,
    "duration": 80.9167
  },
  "0.3": {
    "mean_FL": 2.0231680350098618,
    "peak_FL": 22.0948,
    "mean_FR": 0.8911404092702169,
    "peak_FR": 11.3347,
    "mean_BL": 0.6042631780078895,
    "peak_BL": 9.0361,
    "mean_BR": 0.6486610576923078,
    "peak_BR": 7.9535,
    "peak_all": 22.0948,
    "actual_speed": 0.12502237426035503,
    "rows": 8112,
    "duration": 67.5917
  }
}