{
  "0.1": {
    "mean_FL": 1.6462135743038553,
    "peak_FL": 7.3463,
    "mean_FR": 1.350295235921484,
    "peak_FR": 7.5442,
    "mean_BL": 0.620435635141304,
    "peak_BL": 5.9921,
    "mean_BR": 1.029168776196207,
    "peak_BR": 5.2723,
    "peak_all": 7.5442,
    "actual_speed": 0.28442349255093996,
    "rows": 24097,
    "duration": 200.8
  },
  "0.15": {
    "mean_FL": 1.7880145855324434,
    "peak_FL": 9.6811,
    "mean_FR": 1.4139189568457,
    "peak_FR": 9.6812,
    "mean_BL": 0.6849936914001863,
    "peak_BL": 7.6996,
    "mean_BR": 1.1001357714995343,
    "peak_BR": 6.4653,
    "peak_all": 9.6812,
    "actual_speed": 0.44909604470661285,
    "rows": 16105,
    "duration": 134.2
  },
  "0.2": {
    "mean_FL": 1.925554839775355,
    "peak_FL": 10.0998,
    "mean_FR": 1.5007423191278495,
    "peak_FR": 12.6047,
    "mean_BL": 0.7322991906177733,
    "peak_BL": 8.2605,
    "mean_BR": 1.199307614800132,
    "peak_BR": 6.5015,
    "peak_all": 12.6047,
    "actual_speed": 0.6121060868847044,
    "rows": 12108,
    "duration": 100.8917
  },
  "0.25": {
    "mean_FL": 2.071122665019051,
    "peak_FL": 10.8058,
    "mean_FR": 1.4943652147049737,
    "peak_FR": 14.9399,
    "mean_BL": 0.7766971784574194,
    "peak_BL": 8.1427,
    "mean_BR": 1.3003355576150757,
    "peak_BR": 6.2172,
    "peak_all": 14.9399,
    "actual_speed": 0.7825138811656884,
    "rows": 9711,
    "duration": 80.9167
  },
  "0.3": {
    "mean_FL": 2.174378624260355,
    "peak_FL": 10.7915,
    "mean_FR": 1.5135447731755425,
    "peak_FR": 16.5103,
    "mean_BL": 0.8125142874753452,
    "peak_BL": 9.8858,
    "mean_BR": 1.3862339250493096,
    "peak_BR": 7.8884,
    "peak_all": 16.5103,
    "actual_speed": 0.9566104536489153,
    "rows": 8112,
    "duration": 67.5917
  }
}