{
  "grid": {
    "T2_deg": [
      -30,
      -20,
      -10,
      0,
      10,
      20,
      30,
      40,
      50,
      60,
      70,
      80,
      90,
      100,
      110,
      120,
      130,
      140,
      150
    ],
    "T3_deg": [
      -150,
      -140,
      -130,
      -120,
      -110,
      -100,
      -90,
      -80,
      -70,
      -60,
      -50,
      -40,
      -30,
      -20,
      -10,
      0,
      10,
      20,
      30,
      40,
      50,
      60,
      70,
      80,
      90,
      100,
      110,
      120,
      130,
      140,
      150
    ],
    "T4_deg": [
      -150,
      -135,
      -120,
      -105,
      -90,
      -75,
      -60,
      -45,
      -30,
      -15,
      0,
      15,
      30,
      45,
      60,
      75,
      90,
      105,
      120,
      135,
      150
    ],
    "T5_deg": [
      -90,
      -60,
      -30,
      0,
      30,
      60,
      90
    ],
    "T1_deg": [
      0,
      15,
      30,
      45,
      60,
      75,
      90,
      105,
      120,
      135,
      150,
      165,
      180,
      195,
      210,
      225,
      240,
      255,
      270,
      285,
      300,
      315,
      330,
      345
    ],
    "n_total": 86583,
    "n_valid": 35817
  },
  "peak_torques": {
    "J2": {
      "peak_Nm": 17.019617207387007,
      "worst_pose_deg": [
        -10.0,
        -150.0,
        150.0,
        -90.0
      ],
      "worst_tau_Nm": 17.019617207387007
    },
    "J3": {
      "peak_Nm": 8.047846663405455,
      "worst_pose_deg": [
        -30.0,
        -140.0,
        150.0,
        -90.0
      ],
      "worst_tau_Nm": 8.047846663405455
    },
    "J4": {
      "peak_Nm": 1.5662850583680938,
      "worst_pose_deg": [
        -30.0,
        -150.0,
        0.0,
        -90.0
      ],
      "worst_tau_Nm": -1.5662850583680938
    },
    "J5": {
      "peak_Nm": 0.004792189319539202,
      "worst_pose_deg": [
        -30.0,
        -90.0,
        -90.0,
        30.0
      ],
      "worst_tau_Nm": 0.004792189319539202
    }
  },
  "envelopes": {
    "J2": {
      "angle_deg": [
        -30,
        -20,
        -10,
        0,
        10,
        20,
        30,
        40,
        50,
        60,
        70,
        80,
        90,
        100,
        110,
        120,
        130,
        140,
        150
      ],
      "max_abs_Nm": [
        16.140911639234005,
        16.829336679857587,
        17.019617207387007,
        16.692765278411837,
        17.019617207387007,
        16.829336679857587,
        16.140911639234005,
        15.206582914608349,
        14.054739611485228,
        NaN,
        NaN,
        NaN,
        NaN,
        NaN,
        NaN,
        NaN,
        14.054739611485228,
        15.20658291460835,
        16.140911639234005
      ],
      "hi_Nm": [
        16.140911639234005,
        16.829336679857587,
        17.019617207387007,
        16.692765278411837,
        17.019617207387007,
        16.829336679857587,
        16.140911639234005,
        15.206582914608349,
        14.054739611485228,
        NaN,
        NaN,
        NaN,
        NaN,
        NaN,
        NaN,
        NaN,
        2.0409537153256774,
        0.889110412202557,
        -0.04521831242309824
      ],
      "lo_Nm": [
        0.04521831242309824,
        0.7336433530466793,
        1.1552472631687212,
        1.297219821322039,
        1.1552472631687212,
        0.7336433530466793,
        0.04521831242309824,
        -0.8891104122025568,
        -2.040953715325678,
        NaN,
        NaN,
        NaN,
        NaN,
        NaN,
        NaN,
        NaN,
        -14.054739611485228,
        -15.20658291460835,
        -16.140911639234005
      ]
    },
    "J3": {
      "angle_deg": [
        -150,
        -140,
        -130,
        -120,
        -110,
        -100,
        -90,
        -80,
        -70,
        -60,
        -50,
        -40,
        -30,
        -20,
        -10,
        0,
        10,
        20,
        30,
        40,
        50,
        60,
        70,
        80,
        90,
        100,
        110,
        120,
        130,
        140,
        150
      ],
      "max_abs_Nm": [
        8.047846663405453,
        8.047846663405455,
        8.047846663405455,
        8.047846663405455,
        7.8165232808128335,
        7.347698793684346,
        6.674703220525193,
        5.851865060508283,
        4.904185834749532,
        3.8440011415558275,
        8.034640297537406,
        8.047846663405453,
        8.047846663405453,
        8.047846663405453,
        8.047846663405453,
        8.047846663405453,
        8.047846663405453,
        8.047846663405453,
        8.047846663405453,
        8.047846663405453,
        8.034640297537408,
        7.347698793684347,
        6.674703220525193,
        5.851865060508284,
        6.674703220525191,
        7.347698793684346,
        7.8165232808128335,
        8.047846663405455,
        8.047846663405453,
        8.047846663405455,
        8.047846663405453
      ],
      "hi_Nm": [
        8.047846663405453,
        8.047846663405455,
        7.8165232808128335,
        7.347698793684344,
        6.674703220525191,
        5.851865060508284,
        4.90418583474953,
        3.8440011415558275,
        2.7199833117694823,
        1.5662850583680943,
        2.719983311769485,
        3.8440011415558275,
        4.9041858347495335,
        5.851865060508284,
        6.674703220525195,
        7.347698793684347,
        7.8165232808128335,
        8.047846663405453,
        8.047846663405453,
        8.047846663405453,
        8.034640297537408,
        3.8440011415558275,
        4.90418583474953,
        5.851865060508284,
        6.674703220525191,
        7.347698793684346,
        7.8165232808128335,
        8.047846663405455,
        8.047846663405453,
        8.047846663405455,
        8.047846663405453
      ],
      "lo_Nm": [
        -8.034640297537406,
        -8.047846663405455,
        -8.047846663405455,
        -8.047846663405455,
        -7.8165232808128335,
        -7.347698793684346,
        -6.674703220525193,
        -5.851865060508283,
        -4.904185834749532,
        -3.8440011415558275,
        -8.034640297537406,
        -8.047846663405453,
        -8.047846663405453,
        -8.047846663405453,
        -8.047846663405453,
        -8.047846663405453,
        -8.047846663405453,
        -8.047846663405453,
        -8.047846663405453,
        -8.047846663405453,
        -7.8165232808128335,
        -7.347698793684347,
        -6.674703220525193,
        -5.851865060508284,
        -4.904185834749531,
        -3.844001141555828,
        -2.7199833117694836,
        -1.5662850583680943,
        -0.4015017635628083,
        0.7225160662235335,
        1.7716157180133454
      ]
    },
    "J4": {
      "angle_deg": [
        -150,
        -135,
        -120,
        -105,
        -90,
        -75,
        -60,
        -45,
        -30,
        -15,
        0,
        15,
        30,
        45,
        60,
        75,
        90,
        105,
        120,
        135,
        150
      ],
      "max_abs_Nm": [
        1.5662850583680938,
        1.5607425376661477,
        1.5662850583680938,
        1.5607425376661475,
        1.5662850583680938,
        1.5607425376661475,
        1.5662850583680938,
        1.560742537666147,
        1.5662850583680938,
        1.560742537666147,
        1.5662850583680938,
        1.560742537666147,
        1.5662850583680938,
        1.560742537666147,
        1.5662850583680938,
        1.5607425376661475,
        1.5662850583680938,
        1.5607425376661475,
        1.5662850583680938,
        1.5607425376661477,
        1.5662850583680938
      ],