{
  "0.10": {
    "speed_cmd": 0.1,
    "orbits": 1.0,
    "duration_s": 98.8917,
    "path_len_m": 9.024566026220661,
    "net_disp_m": 2.475963970174041,
    "effective_v_mps": 0.02503712617109465,
    "tracking_pct": 91.25706228349459,
    "R_min": 0.9489,
    "R_max": 1.6084,
    "R_mean": 1.2080720930232558,
    "yaw_min": -75.37,
    "yaw_max": 93.6,
    "torque_FL": {
      "mean": 0.9502352207617122,
      "p95": 3.7703,
      "peak": 8.4625
    },
    "torque_FR": {
      "mean": 2.169792770475228,
      "p95": 4.6751,
      "peak": 7.7245
    },
    "torque_BL": {
      "mean": 0.9174015588136164,
      "p95": 3.0371,
      "peak": 6.4251
    },
    "torque_BR": {
      "mean": 2.0633559993259185,
      "p95": 4.8777,
      "peak": 8.4579
    }
  },
  "0.15": {
    "speed_cmd": 0.15,
    "orbits": 1.0,
    "duration_s": 65.5917,
    "path_len_m": 5.895461485258046,
    "net_disp_m": 0.40525266501282886,
    "effective_v_mps": 0.00617841380865001,
    "tracking_pct": 59.92080791988464,
    "R_min": 1.3314,
    "R_max": 1.5727,
    "R_mean": 1.4227433053861789,
    "yaw_min": -178.17,
    "yaw_max": 177.43,
    "torque_FL": {
      "mean": 1.5156517403455283,
      "p95": 5.4584,
      "peak": 9.705
    },
    "torque_FR": {
      "mean": 1.7575821265243903,
      "p95": 5.5052,
      "peak": 10.2807
    },
    "torque_BL": {
      "mean": 1.3512113567073172,
      "p95": 5.3726,
      "peak": 10.3138
    },
    "torque_BR": {
      "mean": 1.632964494410569,
      "p95": 5.4602,
      "peak": 9.2086
    }
  },
  "0.20": {
    "speed_cmd": 0.2,
    "orbits": 1.0,
    "duration_s": 48.9417,
    "path_len_m": 6.640505731983398,
    "net_disp_m": 0.17091883746386766,
    "effective_v_mps": 0.003492294658008767,
    "tracking_pct": 67.8409794917565,
    "R_min": 1.1649,
    "R_max": 1.4863,
    "R_mean": 1.3218415049370107,
    "yaw_min": -87.88,
    "yaw_max": 167.91,
    "torque_FL": {
      "mean": 0.21624528430371126,
      "p95": 1.5731,
      "peak": 8.4719
    },
    "torque_FR": {
      "mean": 3.99027265917603,
      "p95": 13.004,
      "peak": 22.088
    },
    "torque_BL": {
      "mean": 0.26985628192032685,
      "p95": 2.2423,
      "peak": 15.7061
    },
    "torque_BR": {
      "mean": 4.609795709908069,
      "p95": 19.8613,
      "peak": 25.8545
    }
  },
  "0.25": {
    "speed_cmd": 0.25,
    "orbits": 1.0,
    "duration_s": 38.95,
    "path_len_m": 7.1135421117968285,
    "net_disp_m": 2.5121085421812492,
    "effective_v_mps": 0.06449572637179073,
    "tracking_pct": 73.0530640492614,
    "R_min": 1.0556,
    "R_max": 1.4219,
    "R_mean": 1.1569801069518715,
    "yaw_min": -80.12,
    "yaw_max": 88.61,
    "torque_FL": {
      "mean": 0.9695552513368983,
      "p95": 5.6503,
      "peak": 16.6403
    },
    "torque_FR": {
      "mean": 3.609127165775401,
      "p95": 7.2083,
      "peak": 22.7034
    },
    "torque_BL": {
      "mean": 0.6026300106951872,
      "p95": 2.5122,
      "peak": 6.7462
    },
    "torque_BR": {
      "mean": 3.113176320855615,
      "p95": 6.4293,
      "peak": 20.5346
    }
  },
  "0.30": {
    "speed_cmd": 0.3,
    "orbits": 1.0,
    "duration_s": 32.2917,
    "path_len_m": 6.94040563756979,
    "net_disp_m": 2.4442412084325884,
    "effective_v_mps": 0.07569255283656756,
    "tracking_pct": 71.64282295006447,
    "R_min": 1.0832,
    "R_max": 1.3631,
    "R_mean": 1.1610773735810114,
    "yaw_min": -98.46,
    "yaw_max": 95.66,
    "torque_FL": {
      "mean": 1.0764224458204334,
      "p95": 6.2553,
      "peak": 20.9312
    },
    "torque_FR": {
      "mean": 3.7450054179566563,
      "p95": 8.0277,
      "peak": 31.4852
    },
    "torque_BL": {
      "mean": 0.598139447884417,
      "p95": 2.6386,
      "peak": 7.2608
    },
    "torque_BR": {
      "mean": 3.197094504643963,
      "p95": 6.9734,
      "peak": 22.4549
    }
  }
}