{
  "0.10": {
    "speed_cmd": 0.1,
    "orbits": 1.0,
    "duration_s": 98.8917,
    "path_len_m": 42.735074022871956,
    "net_disp_m": 2.223919375089843,
    "effective_v_mps": 0.022488433054440798,
    "tracking_pct": 22.488433054440797,
    "R_min": 1.1743,
    "R_max": 1.6734,
    "R_mean": 1.4208387681159378,
    "yaw_min": -179.99,
    "yaw_max": 179.98,
    "torque_FL": {
      "mean": 0.9162350522413244,
      "p95": 3.4365,
      "peak": 7.4532
    },
    "torque_FR": {
      "mean": 0.9111331142568195,
      "p95": 2.7016,
      "peak": 6.0128
    },
    "torque_BL": {
      "mean": 0.8417558055274708,
      "p95": 2.4839,
      "peak": 6.5421
    },
    "torque_BR": {
      "mean": 0.6127217812605371,
      "p95": 2.0632,
      "peak": 6.7022
    }
  },
  "0.15": {
    "speed_cmd": 0.15,
    "orbits": 1.0,
    "duration_s": 65.5917,
    "path_len_m": 43.240427863824,
    "net_disp_m": 1.857943151875213,
    "effective_v_mps": 0.02832588806015415,
    "tracking_pct": 18.8839253734361,
    "R_min": 1.1745,
    "R_max": 1.6727,
    "R_mean": 1.4242858612804878,
    "yaw_min": -180.0,
    "yaw_max": 179.98,
    "torque_FL": {
      "mean": 1.0176668826219506,
      "p95": 3.2538,
      "peak": 7.3819
    },
    "torque_FR": {
      "mean": 0.9097377413617922,
      "p95": 2.6272,
      "peak": 7.6286
    },
    "torque_BL": {
      "mean": 0.8990115980691082,
      "p95": 2.4591,
      "peak": 7.9761
    },
    "torque_BR": {
      "mean": 0.6581328125000006,
      "p95": 2.2754,
      "peak": 7.344
    }
  },
  "0.20": {
    "speed_cmd": 0.2,
    "orbits": 1.0,
    "duration_s": 48.9417,
    "path_len_m": 43.295042001508264,
    "net_disp_m": 1.7834038270958152,
    "effective_v_mps": 0.036439351863458265,
    "tracking_pct": 18.21967593172913,
    "R_min": 1.1739,
    "R_max": 1.673,
    "R_mean": 1.4237026898195446,
    "yaw_min": -179.96,
    "yaw_max": 179.95,
    "torque_FL": {
      "mean": 1.146762121212122,
      "p95": 3.4508,
      "peak": 9.8114
    },
    "torque_FR": {
      "mean": 0.9908916070820529,
      "p95": 2.9334,
      "peak": 8.6832
    },
    "torque_BL": {
      "mean": 0.9770781239359912,
      "p95": 2.6013,
      "peak": 7.3957
    },
    "torque_BR": {
      "mean": 0.7102027408920669,
      "p95": 2.3973,
      "peak": 7.455
    }
  },
  "0.25": {
    "speed_cmd": 0.25,
    "orbits": 1.0,
    "duration_s": 38.95,
    "path_len_m": 43.33481614204654,
    "net_disp_m": 1.7145966668578356,
    "effective_v_mps": 0.04402045357786484,
    "tracking_pct": 17.608181431145937,
    "R_min": 1.1622,
    "R_max": 1.6723,
    "R_mean": 1.4284942245989327,
    "yaw_min": -179.96,
    "yaw_max": 180.0,
    "torque_FL": {
      "mean": 1.2184076791443825,
      "p95": 3.5937,
      "peak": 9.8862
    },
    "torque_FR": {
      "mean": 0.9925796791443834,
      "p95": 3.0219,
      "peak": 10.6435
    },
    "torque_BL": {
      "mean": 1.0736189946524046,
      "p95": 2.9287,
      "peak": 8.2065
    },
    "torque_BR": {
      "mean": 0.7211488556149745,
      "p95": 2.6451,
      "peak": 8.2897
    }
  },
  "0.30": {
    "speed_cmd": 0.3,
    "orbits": 1.0,
    "duration_s": 32.2917,
    "path_len_m": 42.53515245558611,
    "net_disp_m": 2.286198490289065,
    "effective_v_mps": 0.07079833177841567,
    "tracking_pct": 23.59944392613856,
    "R_min": 1.1659,
    "R_max": 1.6723,
    "R_mean": 1.4281821981424168,
    "yaw_min": -180.0,
    "yaw_max": 179.93,
    "torque_FL": {
      "mean": 1.3096323529411755,
      "p95": 4.1032,
      "peak": 10.9256
    },
    "torque_FR": {
      "mean": 1.2297945562435508,
      "p95": 3.4885,
      "peak": 9.6245
    },
    "torque_BL": {
      "mean": 1.1690456398348832,
      "p95": 3.2179,
      "peak": 6.883
    },
    "torque_BR": {
      "mean": 0.920686222910219,
      "p95": 3.0432,
      "peak": 10.3487
    }
  }
}