{
  "stl_path": "E:\\FORTIS\\Optimizer\\halfReactor.stl",
  "vertices": 567902,
  "faces": 1173330,
  "units_detected": "inches",
  "bounds_mm": [
    [
      -2430.2720077514646,
      -2430.2720077514646,
      -1421.892085266113
    ],
    [
      2430.2720077514646,
      2430.2720077514646,
      395.4959175109863
    ]
  ],
  "extents_mm": [
    4860.544015502929,
    4860.544015502929,
    1817.3880027770995
  ],
  "extents_inches": [
    191.36000061035156,
    191.36000061035156,
    71.55070877075195
  ],
  "is_watertight": false,
  "center_xy_mm": [
    0.0,
    0.0
  ]
}