{
  "chassis_length": {
    "14": {
      "mean": 0.16452401794626212,
      "min": -2.9584181341360463,
      "max": 1.0,
      "count": 43680
    },
    "12": {
      "mean": 0.1871929541743474,
      "min": -3.641699202209749,
      "max": 1.0,
      "count": 71760
    }
  },
  "chassis_width": {
    "13": {
      "mean": 0.20198815624284586,
      "min": -2.5892077759998395,
      "max": 1.0,
      "count": 40560
    },
    "11": {
      "mean": 0.12434815282918285,
      "min": -3.641699202209749,
      "max": 1.0,
      "count": 37440
    },
    "12": {
      "mean": 0.20756252767920574,
      "min": -2.9584181341360463,
      "max": 1.0,
      "count": 37440
    }
  },
  "chassis_height": {
    "5": {
      "mean": 0.125499882664267,
      "min": -2.9584181341360463,
      "max": 1.0,
      "count": 43680
    },
    "9": {
      "mean": 0.11643990634573695,
      "min": -3.641699202209749,
      "max": 1.0,
      "count": 21840
    },
    "8": {
      "mean": 0.23428543417953457,
      "min": -2.273304892801026,
      "max": 1.0,
      "count": 12480
    },
    "7": {
      "mean": 0.2805095971022113,
      "min": -1.887081435395925,
      "max": 1.0,
      "count": 18720
    },
    "6": {
      "mean": 0.2360828627010595,
      "min": -2.510244627732168,
      "max": 1.0,
      "count": 18720
    }
  },
  "chassis_weight": {
    "15": {
      "mean": -0.23377604615279457,
      "min": -3.641699202209749,
      "max": 1.0,
      "count": 12480
    },
    "20": {
      "mean": -0.02692293197261774,
      "min": -2.855501904942855,
      "max": 1.0,
      "count": 15600
    },
    "25": {
      "mean": 0.1069088263610677,
      "min": -2.273304892801026,
      "max": 1.0,
      "count": 18720
    },
    "30": {
      "mean": 0.15671022686637448,
      "min": -1.8222975515383373,
      "max": 1.0,
      "count": 15600
    },
    "45": {
      "mean": 0.3915091231982389,
      "min": -0.9847952044038767,
      "max": 1.0,
      "count": 12480
    },
    "40": {
      "mean": 0.3422031603359878,
      "min": -1.1490790613789583,
      "max": 1.0,
      "count": 15600
    },
    "50": {
      "mean": 0.4296105943649349,
      "min": -0.6454642653554624,
      "max": 1.0,
      "count": 15600
    },
    "35": {
      "mean": 0.2761278943120263,
      "min": -1.2769035909518607,
      "max": 1.0,
      "count": 9360
    }
  },
  "arm_L1": {
    "16": {
      "mean": 0.3775935836991933,
      "min": -1.7130670783976323,
      "max": 1.0,
      "count": 38480
    },
    "20": {
      "mean": 0.2022887290722015,
      "min": -2.6493214446772697,
      "max": 1.0,
      "count": 38480
    },
    "26": {
      "mean": -0.04403575623699001,
      "min": -3.641699202209749,
      "max": 1.0,
      "count": 38480
    }
  },
  "arm_L2": {
    "14": {
      "mean": 0.3775935836991933,
      "min": -1.7130670783976323,
      "max": 1.0,
      "count": 38480
    },
    "18": {
      "mean": 0.2022887290722015,
      "min": -2.6493214446772697,
      "max": 1.0,
      "count": 38480
    },
    "22": {
      "mean": -0.04403575623699001,
      "min": -3.641699202209749,
      "max": 1.0,
      "count": 38480
    }
  },
  "arm_L3": {
    "4": {
      "mean": 0.3775935836991933,
      "min": -1.7130670783976323,
      "max": 1.0,
      "count": 38480
    },
    "6": {
      "mean": 0.2022887290722015,
      "min": -2.6493214446772697,
      "max": 1.0,
      "count": 38480
    },
    "8": {
      "mean": -0.04403575623699001,
      "min": -3.641699202209749,
      "max": 1.0,
      "count": 38480
    }
  },
  "arm_mount_type": {
    "top": {
      "mean": 0.1700793647309682,
      "min": -3.641699202209749,
      "max": 1.0,
      "count": 57720
    },
    "recessed": {
      "mean": 0.18715167295863505,
      "min": -3.5562397511380395,
      "max": 1.0,
      "count": 57720
    }
  }
}