{
  "config": "36in_loaded_step",
  "measured_tilt_deg": 48.69252723399891,
  "measured_tilt_rad": 0.8498449213502883,
  "baseline_roll_deg": 58.9010385408138,
  "baseline_pitch_deg": -3.9377468429003906,
  "baseline_quaternion": [
    0.8698108196258545,
    -0.48887078833753245,
    0.05793213339001421,
    0.032838366173126715
  ],
  "wheel_z": {
    "FR": 0.22054323846101762,
    "FL": 0.011514338791370399,
    "BL": 0.07154835680127145,
    "BR": 0.2805772080421448
  },
  "z_right_avg": 0.2505602232515812,
  "z_left_avg": 0.04153134779632092,
  "quat_drift_max_deg": 0.0,
  "quat_drift_mean_deg": 0.0
}