{
  "0.10": {
    "speed_cmd": 0.1,
    "tracking_pct": 51.83734837291311,
    "net_disp_m": 0.8399241406222351,
    "path_len_m": 5.023039057335281,
    "duration_s": 96.9,
    "FL": {
      "mean": 2.686557193223837,
      "p95": 7.0,
      "peak": 7.0041
    },
    "FR": {
      "mean": 0.23374269498667125,
      "p95": 1.9185,
      "peak": 4.8423
    },
    "BL": {
      "mean": 2.379203904033021,
      "p95": 5.4518,
      "peak": 7.0008
    },
    "BR": {
      "mean": 0.42240536589560584,
      "p95": 3.1528,
      "peak": 6.9746
    }
  },
  "0.15": {
    "speed_cmd": 0.15,
    "tracking_pct": 41.856107000383666,
    "net_disp_m": 1.3075234116833245,
    "path_len_m": 3.9925514993044477,
    "duration_s": 63.5917,
    "FL": {
      "mean": 2.5432982311320753,
      "p95": 5.1643,
      "peak": 7.0128
    },
    "FR": {
      "mean": 0.09348229821802935,
      "p95": 0.4832,
      "peak": 6.8549
    },
    "BL": {
      "mean": 2.814031001048218,
      "p95": 6.307,
      "peak": 7.0087
    },
    "BR": {
      "mean": 0.20323712002096436,
      "p95": 2.0445,
      "peak": 7.1934
    }
  },
  "0.20": {
    "speed_cmd": 0.2,
    "tracking_pct": 36.862148902910484,
    "net_disp_m": 1.0494162858465652,
    "path_len_m": 3.4607438703115063,
    "duration_s": 46.9417,
    "FL": {
      "mean": 2.829626890308839,
      "p95": 6.9677,
      "peak": 7.0196
    },
    "FR": {
      "mean": 0.05892332268370607,
      "p95": 0.0835,
      "peak": 6.5043
    },
    "BL": {
      "mean": 2.7223100638977633,
      "p95": 6.7643,
      "peak": 7.0122
    },
    "BR": {
      "mean": 0.12084006034788783,
      "p95": 0.3565,
      "peak": 5.4461
    }
  },
  "0.25": {
    "speed_cmd": 0.25,
    "tracking_pct": 31.45267605370724,
    "net_disp_m": 0.5467637070069666,
    "path_len_m": 2.906093593489321,
    "duration_s": 36.9583,
    "FL": {
      "mean": 3.0300237826871053,
      "p95": 6.9999,
      "peak": 7.0334
    },
    "FR": {
      "mean": 0.04942493237150586,
      "p95": 0.0699,
      "peak": 6.8557
    },
    "BL": {
      "mean": 2.7083694995491436,
      "p95": 6.7351,
      "peak": 7.019
    },
    "BR": {
      "mean": 0.06889952660054104,
      "p95": 0.1093,
      "peak": 6.9562
    }
  },
  "0.30": {
    "speed_cmd": 0.3,
    "tracking_pct": 31.033649370061756,
    "net_disp_m": 0.4836644862918922,
    "path_len_m": 2.820185989869299,
    "duration_s": 30.2917,
    "FL": {
      "mean": 2.736657480748075,
      "p95": 7.0004,
      "peak": 7.0437
    },
    "FR": {
      "mean": 0.047999202420242026,
      "p95": 0.0809,
      "peak": 6.7116
    },
    "BL": {
      "mean": 2.7674578657865787,
      "p95": 7.0003,
      "peak": 7.0291
    },
    "BR": {
      "mean": 0.059019444444444444,
      "p95": 0.1148,
      "peak": 6.9858
    }
  }
}